company,complaints,timely_response_rate,products
Servicer under contract with Federal Student Aid,3315,0.0,8
EdFinancial Services,7259,0.7047802727648437,7
MOHELA,21945,0.7199362041467304,9
"CCS Financial Services, Inc.",16288,0.7573059921414538,7
Incomm Holdings Inc.,2659,0.7611884166980067,7
"American Credit Acceptance, LLC",2241,0.8353413654618473,7
Rent Recovery Solutions,1815,0.8418732782369146,5
"Professional Debt Mediation, Inc.",1129,0.8432240921169176,3
"ProCollect, Inc.",3299,0.8508638981509549,5
HCFS Healthcare Financial Services of TeamHealth,1097,0.8514129443938013,5
ROBINHOOD MARKETS INC.,3340,0.8841317365269461,8
MicroBilt / PRBC (formerly CL Verify),1446,0.9128630705394191,3
"John C. Heath, Attorney at Law, PLLC",1661,0.921733895243829,10
TransferWise Ltd,1444,0.9238227146814404,7
Klarna AB,1231,0.9244516653127539,9
FinCo Services Inc DBA Current,1279,0.9343236903831118,8
"CLGF Holdco 1, LLC",7103,0.9483316908348585,9
"Aargon Agency, Inc.",1503,0.9560878243512974,4
LCI Acquisition Inc.,2310,0.9575757575757575,4
Netspend Corporation,2644,0.9587745839636914,9
"Credit Karma, LLC",3133,0.9591445898499841,10
"W&A Intermediate Co., LLC",3552,0.9594594594594594,6
Source Receivables Management LLC,2515,0.962624254473161,5
"Credit Systems International, Inc.",1150,0.9669565217391304,3
"Paramount GR Holdings, LLC",1130,0.9690265486725663,8
"BMW Financial Services NA, LLC",1511,0.9695565850430179,7
"FAIR COLLECTIONS & OUTSOURCING, INC.",3467,0.9723103547735794,5
"Lockhart, Morris & Montgomery Inc.",1661,0.9735099337748344,6
Bridgecrest Acceptance Corporation,4818,0.9761311747613117,10
"BANK OF AMERICA, NATIONAL ASSOCIATION",60863,0.9765867604291606,11
"Portfolio Recovery Associates, LLC",30622,0.9770426490758278,10
"Amsher Collection Services, Inc.",3423,0.9777972538708735,8
"Open Dealer Exchange, LLC",1178,0.9779286926994907,6
"LoanCare, LLC",2368,0.980152027027027,8
STATE EMPLOYEES CREDIT UNION,1188,0.9806397306397306,10
"ID Analytics, Inc.",4759,0.9815087203193948,5
"Ability Recovery Services, LLC",1874,0.9818569903948773,5
"Upstart Holdings, Inc.",2217,0.9824086603518268,10
Self Financial Inc.,8491,0.982923095041809,9
"LD Holdings Group, LLC",1106,0.9837251356238698,9
"Block, Inc.",56367,0.9846364007309242,10
RoundPoint Mortgage Servicing LLC,1132,0.984982332155477,5
TRUIST FINANCIAL CORPORATION,16458,0.9852959047271843,11
LEXISNEXIS,36059,0.986965806040101,11
Lendmark Financial Services,1233,0.9886455798864558,7
NISSAN MOTOR ACCEPTANCE COMPANY LLC,2498,0.988791032826261,8
OPORTUN FINANCIAL CORPORATION,1384,0.990606936416185,8
"Collection Management Holdings, LLC",1942,0.9907312049433573,4
"Fay Servicing, LLC",1700,0.9911764705882353,7
"FactorTrust, Inc.",1551,0.9916183107672469,4
"Capio Partners, LLC",1796,0.9916481069042317,4
World Acceptance Corporation,2460,0.991869918699187,9
AMERICAN HONDA FINANCE CORP,2096,0.9918893129770993,8
FIRST PORTFOLIO SERVICING INC,1160,0.9922413793103448,8
Specialized Loan Servicing Holdings LLC,1750,0.9925714285714285,6
"Colony Brands, Inc.",1302,0.9930875576036866,7
TrueAccord Corp.,3133,0.993935525055857,9
"Avant Holding Company, Inc.",2196,0.99408014571949,8
"Shellpoint Partners, LLC",9853,0.9943164518420785,8
"Coinbase, Inc.",3861,0.9948199948199948,9
"Sequium Asset Solutions, LLC",2368,0.9949324324324325,9
"National Credit Systems,Inc.",11506,0.9949591517469146,7
CORELOGIC INC,5563,0.9953262628078375,9
FIRST NATIONAL BANK OF OMAHA,1995,0.9954887218045113,10
MoneyLion Inc.,2120,0.995754716981132,8
Global Lending Services LLC,3197,0.9959336878323428,9
ERC,1748,0.9959954233409611,5
BTH Management,1098,0.9963570127504554,5
"RentDebt Automated Collections, LLC",1386,0.9963924963924964,4
"MARINER FINANCE, LLC",1398,0.9964234620886981,9
Freedom Mortgage Company,4452,0.9966307277628033,8
"Cascade CISS Holdings, LLC",1498,0.9966622162883845,8
AMERICAN EXPRESS COMPANY,29536,0.9968513001083423,11
"United Shore Financial Services, LLC",1325,0.9969811320754717,8
VW Credit,1325,0.9969811320754717,8
Army and Air Force Exchange Service,1190,0.9974789915966387,8
"Exeter Finance, LLC.",5615,0.997506678539626,8
CREDIT ACCEPTANCE CORPORATION,9016,0.9975598935226264,9
NCB Management Services Inc.,4147,0.9975886182782735,6
NEW YORK COMMUNITY BANCORP INC,1668,0.9976019184652278,10
"CAINE & WEINER COMPANY, INC.",7568,0.9976215644820295,8
Atlanticus Services Corporation,3445,0.997677793904209,8
"Spring Oaks Capital, LLC",6590,0.9977238239757208,8
SLM CORPORATION,2686,0.9977661950856291,9
Velocity Portfolio Group,2289,0.9978156400174749,8
"Rocket Mortgage, LLC",2370,0.9978902953586498,8
GOLDMAN SACHS BANK USA,14776,0.9980373578776394,10
"Harris & Harris, Ltd.",2569,0.9980537173997664,6
Selene Holdings LLC,2077,0.9980741454020221,7
Credit Corp Solutions Inc.,2080,0.9980769230769231,6
"Consumer Portfolio Services, Inc.",2095,0.9980906921241051,7
"ENOVA INTERNATIONAL, INC.",2721,0.9981624402793091,9
Consumer Adjustment Company Incorporated,1648,0.9981796116504854,8
"NRA Group, LLC",2219,0.9981973862100045,6
"Halsted Financial Services, LLC.",1130,0.9982300884955753,9
"LAKEVIEW LOAN SERVICING, LLC",1168,0.9982876712328768,7
"CARRINGTON MORTGAGE SERVICES, LLC",2397,0.9983312473925741,8
"Nelnet, Inc.",16781,0.9983314462785293,9
"UPGRADE, INC.",3277,0.9984742142203235,11
SYNCHRONY FINANCIAL,36783,0.9985319305113776,10
T.S. Holdings,4566,0.9986859395532195,4
"Westlake Services, LLC",8378,0.9986870374791119,11
FIFTH THIRD FINANCIAL CORPORATION,5592,0.9987482117310443,10
PENTAGON FEDERAL CREDIT UNION,3350,0.9988059701492538,11
"ACIMA CREDIT, LLC",2525,0.9988118811881188,9
"ONLINE Information Services, Inc.",1867,0.9989287627209427,4
Central Portfolio Control Inc.,1903,0.998949027850762,8
TRANSWORLD SYSTEMS INC,10856,0.9989867354458364,11
AES/PHEAA,2999,0.9989996665555185,7
"The Bureaus, Inc.",1031,0.9990300678952473,4
CCF Intermediate Holdings LLC,2183,0.9990838295923041,9
"Aldous & Associates, PLLC",3318,0.9990958408679927,5
"SOFI TECHNOLOGIES, INC.",4624,0.9991349480968859,11
FC HoldCo LLC,2374,0.9991575400168492,6
"WESTERN UNION COMPANY, THE",1208,0.9991721854304636,11
"Affirm Holdings, Inc",10957,0.9991786072830154,11
"CarMax, Inc.",2517,0.9992054032578467,6
"The CMI Group, Inc.",1282,0.999219968798752,4
"I.C. System, Inc.",11822,0.9992387074945017,9
"Paypal Holdings, Inc",18770,0.9992541289291422,9
"Opportunity Financial, LLC",1358,0.9992636229749632,7
"SANTANDER HOLDINGS USA, INC.",12883,0.9993014049522627,10
Santander Consumer USA Holdings Inc.,1438,0.9993045897079277,10
"HW Holding, Inc",4649,0.99935469993547,7
"MRS BPO, LLC",1584,0.9993686868686869,7
Ocwen Financial Corporation,4769,0.9993709373034179,9
REGIONS FINANCIAL CORPORATION,3671,0.9994551893217107,10
"Southwest Credit Systems, L.P.",3970,0.9994962216624685,6
Mercedes Benz Financial Services,1994,0.9994984954864594,9
"Continental Finance Company, LLC",2133,0.9995311767463666,7
Mr. Cooper Group Inc.,9068,0.9995588883987648,10
"General Motors Financial Company, Inc.",4597,0.999564933652382,9
FISERV FINXACT CORE,2312,0.9995674740484429,10
"Kriya Capital, LLC",9806,0.9995920864776667,8
"CAVALRY INVESTMENTS, LLC",2733,0.9996341017197219,7
Chime Financial Inc,17955,0.9996658312447786,10
M&T BANK CORPORATION,3604,0.9997225305216426,10
"HUNTINGTON NATIONAL BANK, THE",3803,0.9997370496976071,11
"CITIZENS FINANCIAL GROUP, INC.",7847,0.9997451255256786,11
OneMain Finance Corporation,8540,0.9997658079625292,11
"Early Warning Services, LLC",30802,0.9997727420297383,9
TOYOTA MOTOR CREDIT CORPORATION,4433,0.9997744191292578,9
"CBC Companies, Inc.",40254,0.9998012619863864,7
ENCORE CAPITAL GROUP INC.,32680,0.9998164014687883,11
"Rowland Avenue Management, Inc. A/KA Columbia Debt Recovery, LLC d/b/a Genesis",6093,0.9998358772361726,5
UNITED SERVICES AUTOMOBILE ASSOCIATION,7953,0.9998742612850496,10
CL Holdings LLC,26481,0.9999244741512783,9
ALLY FINANCIAL INC.,15899,0.9999371029624504,10
CAPITAL ONE FINANCIAL CORPORATION,85117,0.9999412573281483,11
WELLS FARGO & COMPANY,66193,0.9999546779870984,11
"Bread Financial Holdings, Inc.",26788,0.9999626698521726,11
Experian Information Solutions Inc.,2628290,0.9999718448116456,11
Resurgent Capital Services L.P.,44830,0.999977693508811,10
"CITIBANK, N.A.",53020,0.9999811391927574,11
"EQUIFAX, INC.",2947105,0.9999983034197967,11
"TRANSUNION INTERMEDIATE HOLDINGS, INC.",2922021,0.9999996577711111,11
JPMORGAN CHASE & CO.,71427,1.0,11
NAVY FEDERAL CREDIT UNION,32490,1.0,11
DISCOVER BANK,24959,1.0,11
U.S. BANCORP,18150,1.0,11
TD BANK US HOLDING COMPANY,16327,1.0,11
BARCLAYS BANK DELAWARE,13382,1.0,11
"Fidelity National Information Services, Inc. (FNIS)",11494,1.0,8
PNC Bank N.A.,10613,1.0,11
"Maximus Federal Services, Inc.",9701,1.0,9
"Navient Solutions, LLC.",7720,1.0,9
"National Credit Adjusters, LLC",5625,1.0,9
Radius Global Solutions LLC,4619,1.0,8
Kikoff Inc.,4370,1.0,8
HYUNDAI CAPITAL AMERICA,4048,1.0,9
"SELECT PORTFOLIO SERVICING, INC.",4002,1.0,9
"SUNRISE CREDIT SERVICES, INC",3958,1.0,6
BMO BANK NATIONAL ASSOCIATION,3903,1.0,11
Comerica,3310,1.0,10
Synovus Bank,3126,1.0,9
KEYCORP,2730,1.0,11
"PENNYMAC LOAN SERVICES, LLC.",2502,1.0,8
"Security Credit Services, LLC",2240,1.0,9
"Eastern Account Systems of Connecticut, Inc.",2201,1.0,4
Advanced Resolution Services Inc.,2175,1.0,2
V and H Portfolio,2156,1.0,7
"Credit Control, LLC",2150,1.0,7
"Convergent Resources, Inc.",2000,1.0,8
"The CBE Group, Inc.",1986,1.0,8
FORD MOTOR CREDIT CO.,1709,1.0,10
Absolute Resolutions Corp.,1673,1.0,6
"Diversified Adjustment Service, Inc.",1585,1.0,6
HSBC NORTH AMERICA HOLDINGS INC.,1566,1.0,10
Possible Financial Inc,1489,1.0,7
LJ Ross Associates,1481,1.0,6
"Bull City Financial Solutions, Inc",1445,1.0,3
"Debt Recovery Solutions, LLC",1307,1.0,5
"Medical Data Systems, Inc.",1222,1.0,5
TekCollect Inc.,1209,1.0,4
Zions Debt Holdings,1166,1.0,3
Penn Credit Corporation,1125,1.0,5
Monterey Financial Services LLC,1079,1.0,10
MIDFIRST BANK,1049,1.0,10
